10,トラックバック
10,permalink
10,コメント
10,last up
10,update
10,trackback
10,comment
10, 更新 
10,最終更新
10,トップ
10,固定リンク
10,url
10,posted
10,関連記事
10,この記事に
10,テーマ:
10,テーマ 
10,タグ:
10,ジャンル 
10,ジャンル:
10,投稿者
10,&laquo;
10,&lt;
10,&nbsp;|
10,2008/
10,http://
10,2008年
10,2008-
10,ランキング
11,続きを読む
11,続き
11,ダイエット
11,楽天
11,パチンコ
11,ニュース
11,詳細
11,情報
11,全文
11,解説
11,アフィリエイト
11,もっと
11,暴露
11,アフィリ
11,詳し
11,≫
11,コチラ
11,送料
11,噂
11,無料
11,激安
11,格安
11,ほったらかし
11,ツール
11,自動
11,生成
11,裏技
11,ネット
11,報酬
11,価格
11,通販
11,振込
11,万円
11,セフレ
11,お求め
11,女の子
11,出会い
11,動画
11,無修正
11,エロ
11,商材
11,商材
11,不労
11,稼ぐ
11,日給
11,ＦＸ
11,外貨
11,グラビア
11,アイドル
11,アダルト
11,無修正
11,副収入
11,お宝
11,通販
11,％OFF
11,％OFF
11,クレジット
12,　
13,。
14,...
14,http://
14,……
14,・・
15,風水利用で幸せに
15,なんだかいろんなことが
15,んというかいろんなこと
15,というかあれこれ
15,んというかさまざまなこと
15,の学習して
15,の学習をやって
15,【社会
15,【国際
15,【政治
15,【経済
15,社会】
15,国際】
15,政治】
15,経済】
15,賃貸マンション
15,高級マンション
15,結婚情報
15,消費者金融
15,ＲＳＳ情報
15,クレジット
15,ブランド
15,楽天市場
15,楽天市
15,壁紙
15,速報
15,入荷
15,成功法
15,数量限定
15,メルマガ
15,簡単にできる
15,名以上の方
15,返金
15,金保
15,激安
15,報酬
15,ネットビジネス
15,情報起業
15,パチンコ
15,パチスロ
15,通販生活
15,セレクトショッ
15,デリヘル
15,デリヘル
15,セフレ
15,出会い
15,アフィリ
15,アフィリエイト
15,不労
15,ネット
15,日給
15,年収
15,月収
15,投資
15,投資術
15,万円
15,情報
15,話題
15,画像
15,クチコミ
15,掲示板
15,記事
15,動画
15,調べて
15,探し
15,グラビア
15,無修正
15,新着
15,最新
15,エロ
15,キーワード
15,稼ぎ
15,稼ぐ
15,稼げ
15,稼ご
15,稼い
15,儲け
15,儲か
15,特別
15,無修正
15,関連
15,特選
15,巨乳
15,熟女
15,ニュース
15,アダルト
15,アイドル
15,芸能
15,について
15,関する
15,調査
15,写真
15,詳細
15,解説
15,説明
15,の噂
15,の話
15,とは？
15,のこと
15,攻略
15,必勝法
15,紹介
15,ブログ
15,ＦＸ
15,FX
15,トレード
15,外貨
15,無料
15,商材
15,副業
15,副収入
15,収入
15,案内
15,ショッピング
15,募集
15,中古車
15,錬金術
15,ホテル
16,＜|｝|！|？|≪|『|《|【|［|＞|※|〓|】|』|〕|）|（|》|／|、|●|◎|＼|○|「|」|≫|〝|〟|｛|
17,あ
18,字
19,〇
20,http://ad2.0
20,http://www.bidders.
20,http://ck.jp.ap.valuecommerce.com/
20,http://ck.jp.ap.valuecommerce.com/
20,http://rd.yahoo.co.jp/rss
20,http://rd.yahoo.co.jp/rss
20,http://technorati.jp/tag/
20,http://technorati.jp/tag/
20,http://click.
20,http://click.
20,http://realmarket.jp
20,http://track.affiliate
20,http://lalamie.com
20,http://lalamie.com
20,http://px.a8.net/svt
20,http://www.moshimo.com
20,http://hb.afl.rakuten.co.jp
20,http://pt.afl.rakuten.co.jp
20,http://www.dmm.com
20,http://tsuhanshops.net
21,１
22,無題
22,ール更新
22,日
22,月
22,subject
22,日記
22,ブログ
23,コメント(
23,comments(
23,最新の記事
25,『
25,』
25,《
25,》
25,【
25,】
25,［
25,］
25,＞
25,＜
25,★
25,〓
25,※
25,〔
25,〕
25,「
25,」
25,）
25,（
25,≫
25,≪
25,／
25,＼
25,◎
25,♪
25,●
26,ア
51,決してそれをつまみ食いしたわけではない
51,だから、｢爪を切ってから行け｣と言ったのに
51,何だかんだ言ったってやっぱり異常だな
51,ためにやはりやめておけばよかったと後悔した
51,だがそんなことはどうでもいいことだ
51,病院に行ったが医療ミスでころされた
51,風呂の中で垢を落してもいいと言うわけではない
51,マイホームの頭金は前借するそうだ
51,あれ以来体中が痒くてたまらないらしい
51,昔アダルトビデオに出演した
51,幼稚園児並みの精神年齢だと思った
51,警察官がきて意味もなく職務質問された
51,あの時洗濯物を取り込んでおけばよかったと後悔した
51,会議中にうんこをもらしてしまった
51,もう、あいつとは会えないだろうなぁ
51,彼がクビになったのは言うまでもない
51,そしてそのことに朝になってやっと気づいた
51,その後不注意で事故した
51,足がもつれたので家が火事になって全焼した
51,そういうのが水虫の原因になるんだよ
51,あいつのせいで俺の人生は狂ったんだ!!
51,大ブーイングで死んでしまった
51,妊娠２ヶ月というスピード婚に仰天した
51,永谷園のお茶漬けはサケ茶漬けが一番だと思うのだが
51,いわゆる、「ギャンブル｣の原点はそこにある
51,ついに頭ばかりか体までおかしくなってしまったのだろうか？
51,いまどき流行らないだろうと思った
51,そして彼女には殺意が芽生えた
51,元はといえば全部彼が悪いんだ
51,あんな光景は二度と見れないだろうな
51,それがきっかけで日本人だと言うことが発覚
51,目薬と接着剤を間違えて目にいれてしまった
51,日本に帰ったら私は殺されてしまうであろう
51,幽霊をみてあの世につれていかれそうになった
51,のこと集めてみました
51,のこと集めてみました
51,調べたことを紹介します
51,調べたことを紹介します
51,他人のお買い物がすべて見られるただひとつのショッピングモールです
51,今、この瞬間、ネットで買われている人気アイテムがわかります
51,に関する記事をご紹介します
51,ショッピングサイトを見つけ
51,関連のネタを探すのが、最近唯一の楽しみになってきました
51,などなど、あらゆるジャンル
51,の情報集めはサイトでいろいろとリサーチしていました
51,に関するあらゆる商品を取り揃えています
51,に関する商品だけを集めました
51,に関する商品なら、このサイトだけで十分なんです
51,関連の商品を集めたお店は他にはありませんよ
51,が大好きならブックマークをお忘れなく
51,関する商品だけを徹底的に集めました
51,今日は超・便利なショッピングサイトのご紹介です
51,の話題は尽きることがありません
51,あらゆるジャンルの商品ラインナップから
51,関連の商品をどっさり集めたお店なんです
51,今日のネットで拾った面白
51,続きはこちら
51,について紹介します
51,に関する情報を探す
51,に限らず調べればなんでも
51,それにしてもネットって便利ですね。
51,お役立ち情報のご紹介
51,の専門オンラインショップ
51,の専門オンラインショップ
51,私の資料室・みんなの資料広場
51,私の資料室・みんなの資料広場
51,ナンバーズ予想
51,現金自動収集機
51,感謝の気持ちと一緒に現金が毎日
51,今だけ特別価格
51,まんこ
51,マンコ
51,丸見え動画
51,潮噴き
51,強姦
51,パイパン
51,騎上位
51,正常位
51,勃起
51,膣口
51,http://rd.yahoo.co.jp/rss
51,http://rd.yahoo.co.jp/rss
51,http://rd.yahoo.co.jp/rss
51,セフレ
51,詳しくはコチラをクリック
51,詳しくはコチラをクリック
51,あくまで仮説に過ぎませんが、多く
51,あくまで仮説に過ぎませんが、多く
51,確かにとりあえず言えることは、
51,関連ブログ記事
51,関連ブログ記事
51,ブログ最新記事
51,ブログ最新記事
51,儲けるコツ
51,情報商材
51,情報商材
51,成功ノウハウ
51,ネット起業
51,ネットビジネス
51,ネットビジネス
51,バックナンバー・配信停止はこち
51,あなたもメルマガを発行してみませんか
51,【まぐまぐ！からのお知らせ】
51,【まぐまぐ！からのお知らせ】
51,http://af1.mag2.com/m/af/
51,... http://
51,... http://
51,... http://
51,無条件で全額返金
51,在宅ワークのお知らせ
51,完全在宅ワーク
51,アフィリエイトプログラム
51,販売店会員
51,無料のレポート情報
51,無料のレポート情報
51,引用livedoorニュース
51,(引用 livedoor
51,(引用 livedoor
51,記事 全文へ
51,(続きを読む)
51,(続きを読む)
51,(続きを読む)
51,芸能ニュース - livedoor
51,引用yahooニュース
51,関連記事
51,（引用 yahoo
51,（引用 yahoo
51,ニュースの続き
51,の話題が、今日はニュースに出ていました。
51,の話がニュースになっていたので、ちょっと紹介しときます
51,についての話題です。いろいろ言われていたりもしますが
51,とかそんな話が目に飛び込んできました。何実に読まずにはいられないんですよね
51,ついては、これからどんなふうになっていくのかなぁ。いろいろ想像したりしてしまいます
51,に関しては、もうしばらく動向を見守っていきたいなぁという気がします
51,の話がニュースになっていたのには、少々びっくりしてしまいました
51,に対する関心は、まだしばらく続くのかなぁ、という気がします
51,のニュースは、当分要チェックと言えるかもしれませんね
51,についてのニュースは、しばらくの間要チェックと言えそうです
51,毎日恒例のニュースチェックをしていたところ、ぱっと目についた記事がありました
51,一刻も早く現金が欲しいあなたへ
51,今もこれからもこの投資法は世にでることはないでしょう。
51,方は絶対にこの先を読まないで下さい。絶対
51,興味があれば読みすすめてください。
51,情報起業大学
51,、情報起業
51,情報起業、
51,情報販売、
51,、副業、
51,、出会い、
51,、暴露、
51,、アフィリ、
51,、アフィリエイト、
51,的であるかどうかはっきりさせておく必要があります。
51,的であるかどうか検討してみる必要があります。
51,的であるかどうかはっきりさせなければなりません。
51,実用的であることが分かってきました。
51,進歩的であることが分かってきました。
51,論理的であることが分かってきました。
51,好意的であることが分かってきました。
51,実質的であることが分かってきました。
51,良心的であることが分かってきました。
51,てある調査によると良心的
51,、ある調査によると良心的
51,てある調査によると実質的
51,、ある調査によると実質的
51,てある調査によると進歩的
51,、ある調査によると進歩的
51,てある調査によると実用的
51,、ある調査によると実用的
51,てある調査によると論理的
51,、ある調査によると論理的
51,てある調査によると好意的
51,、ある調査によると好意的
901,（
1001,【.*】
